SYMBOL	nAME
@3N	3 YR US TREASURY NOTE
@A3	CDD - COLORADO SPRINGS
@AC	ETHANOL
@ACD	AUSTRALIAN $/CANADIAN $
@AD	AUSTRALIAN DOLLAR
@AE	BLOOMBERG COMMODITY INDEX
@AF	CDD - LITTLE ROCK
@AH	CDD - LOS ANGELES (USC)
@AJ	CDD - JACKSONVILLE
@AJY	AUSTRALIAN $/JAPANESE YEN
@AK	CDD - RALEIGH DURHAM
@ANE	AUSTRALIAN $/NEW ZEALAND $
@AR	AUSTRALIAN $/NZ $
@AS	AUSTRALIAN $/CANADIAN $
@ASE	MINI MSCI EM ASIA INDEX
@ASN	MINI MSCI EM ASIA NTR INDEX
@AW	CDD - WASHINGTON REAGAN NATIONAL AIRPORT
@AWE	MINI MSCI ACWI EX-US INDEX
@AWN	MINI MSCI ACWI EX-US NTR INDEX
@B1	30 YEAR USD INTEREST RATE SWAP
@BF	BRITISH POUND/SWISS FRANC
@BIO	E-MINI NASDAQ BIOTECH
@BO	SOYBEAN OIL
@BOB	US TREASURY BOND - ULTRA T BOND
@BP	BRITISH POUND
@BR	BRAZILIAN REAL
@BS	BLACK SEA WHEAT
@BT	BOSTON HOME PRICE INDEX
@BU2	TWO-YEAR BUNDLE FUTURES
@BU3	THREE-YEAR BUNDLE FUTURES
@BU5	FIVE-YEAR BUNDLE FUTURES
@BUB	US TREASURY BOND - ULTRA T BOND 1:1
@BUS	US MIDWEST #1 BUSHELING FERROUS SCRAP
@C	CORN
@CB	BUTTER - CASH SETTLED
@CC	COCOA
@CCT	COCOA (TAS)
@CD	CANADIAN DOLLAR
@CH	CHICAGO HOME PRICE INDEX
@CHL	CHILEAN PESO
@CJY	CANADIAN $/JAPANESE YEN
@CKO	CZECH KORUNA
@CKW	KCBT-CBOT WHEAT ICSO SYNTHETIC
@CNH	USD/OFFSHORE RMB
@CNY	USD/RMB WITH USD BANKING
@CPC	USD MALAYSIAN CRUDE PALM OIL SWAP
@CPO	CRUDE PALM OIL (USD)
@CSC	CHEESE - CASH SETTLED
@CT	COTTON #2
@CTT	COTTON #2 (TAS)
@CU	COMPOSITE HOME PRICE INDEX
@D0	HDD - LONDON
@D0	HDD - LONDON
@D1	HDD - PARIS
@D2	HDD - AMSTERDAM
@DA	MILK CLASS III
@DC	WASHINGTON D.C. HOME PRICE INDEX
@DE	DENVER HOME PRICE INDEX
@DGS	BLOOMBERG COMMODITY INDEX SWAP
@DK	MILK CLASS IV
@DRS	BLOOMBERG ROLL SELECT INDEX
@DX	US DOLLAR INDEX
@DXT	US DOLLAR INDEX (TAS)
@DY	DRY WHEY
@EAD	EURO FX/AUSTRALIAN $
@EB	3 MONTH EURIBOR
@ECD	EURO FX/CANADIAN DOLLAR
@ECZ	EURO/CZECH KORUNA
@ED	EURODOLLAR
@EHU	EURO/HUNGARIAN FORINT
@EJ	EUROYEN TIBOR
@EM	1 MONTH EURODOLLAR
@EMD	E-MINI S&P MIDCAP 400
@ENK	EURO FX/NORWEGIAN KRONE
@ENY	E-MINI NIKKEI 225 YEN INDEX
@ENY	E-MINI NIKKEI 225 YEN INDEX
@EPL	EURO/POLISH ZLOTY
@ES	E-MINI S&P 500
@ESK	EURO FX/SWEDISH KRONA
@ETR	TURKISH LIRA/EURO
@EU	EURO FX
@EZ	EURO/CZECH KORUNA
@F1	5 YEAR USD INTEREST RATE SWAP
@F1E	5 YEAR EUR INTEREST RATE SWAP
@FF	30 DAY FED FUND
@FF	30 DAY FED FUND
@FOB	5 YR-T-BOND
@FOL	5 YR - ULTRA US TREASURY NOTE
@FR	SAN FRANCISCO HOME PRICE INDEX
@FV	5 YR US TREASURY NOTE
@FXD	DOW JONES CME FX $ INDEX
@FYT	5 YR-10 YR US TREASURY NOTE
@FZE	OTC ETHANOL FORWARD MONTH
@FZE	OTC ETHANOL FORWARD MONTH
@G0	CAT - LONDON
@G1	CAT - PARIS
@G2	CAT - AMSTERDAM
@G2C	RUSSELL 2000 GROWTH TIC
@G3	CAT - BERLIN
@G4	CAT - ESSEN
@G5	CAT - STOCKHOLM
@G8	CAT - BARCELONA
@G9	CAT - ROME
@GDF	NYSE ARCA GOLD MINERS INDEX
@GF	FEEDER CATTLE
@GFT	FEEDER CATTLE TAS
@GI	S&P GSCI
@GIE	S&P GSCI EXCESS RETURN
@GN	STERLING/NEW ZEALAND $
@GQ	CAT - MADRID
@H0	HDD - LAS VEGAS
@H1	HDD - ATLANTA
@H2	HDD - CHICAGO
@H3	HDD - CINCINNATI
@H4	HDD - NEW YORK
@H5	HDD - DALLAS
@H6	HDD - PHILADELPHIA
@H7	HDD - PORTLAND
@H8	HDD - TUCSON
@H9	HDD - DES MOINES
@HE	LEAN HOGS
@HET	LEAN HOGS
@HFO	HUNGARIAN FORINT
@HNO	CAT - OSLO BLINDERN
@HQ	HDD - MINNEAPOLIS
@HR	HDD - HOUSTON
@HRC	DOMESTIC HOT-ROLLED COIL STEEL
@HRE	EURO/HUNGARIAN FORINT
@HS	HDD - SACRAMENTO
@HW	HDD - BOSTON
@HX	HDD - KANSAS CITY
@HY	CANADIAN $/JAPANESE YEN
@IA	MILLION EURO- CANADIAN DOLLAR
@IBT	SOYBEAN OIL TAS
@IBV	USD-DENOMINATED IBOVESPA FUTURES
@IBV	USD-DENOMINATED IBOVESPA FUTURES
@ICT	CORN TAS
@IE	MILLION EURO- USD
@IF	MILLION USD- SWISS FRANC
@IG	MILLION EURO- BRITISH POUND
@IJ	MILLION EURO- JAPANESE YEN
@IK	MILLION USD- SWEDISH KRONA
@IL	ISRAELI SHEKEL
@ILS	ISRAELI SHEKEL/US DOLLAR
@IM	MILLION BRITISH POUND-USD
@IMT	SOYBEAN MEAL TAS
@IN	MILLION USD- JAPANESE YEN
@IR	MILLION EURO- SWEDISH KRONA
@IST	SOYBEANS TAS
@IU	MILLION AUS DOLLAR- USD
@IV	MILLION USD-CANADIAN DOLLAR
@IWT	WHEAT TAS
@IZ	MILLION EURO- SWISS FRANC
@JE	E-MINI JAPANESE YEN
@JY	JAPANESE YEN
@K0	CDD - LAS VEGAS
@K1	CDD - ATLANTA
@K2	CDD - CHICAGO
@K3	CDD - CINCINNATI
@K4	CDD - NEW YORK
@K5	CDD - DALLAS
@K6	CDD - PHILADELPHIA
@K7	CDD - PORTLAND
@K8	CDD - TUCSON
@K9	CDD - DES MOINES
@KAT	AUSTRALIAN $/US $ TAS
@KAU	AUSTRALIAN $/US $ (NEW)
@KB	CDD - BOSTON
@KBX	BRAZILIAN REAL/US DOLLAR
@KC	COFFEE
@KCT	COFFEE (TAS)
@KCU	COLOMBIAN PESO/US $ (NEW)
@KEJ	EURO/JAPANESE YEN (NEW)
@KEO	EURO/US DOLLAR (NEW)
@KEP	EURO/CANADIAN DOLLAR (NEW)
@KET	EURO/CANADIAN DOLLAR TAS
@KGB	EURO/BRITISH POUND (NEW)
@KGT	EURO/BRITISH POUND TAS
@KIU	INDIAN RUPEE/US DOLLAR
@KJ	SWEDISH KRONA/YEN
@KJT	EURO/JAPANESE YEN TAS
@KKT	EURO/SWEDISH KRONA TAS
@KMF	SWISS FRANC/US $ (NEW)
@KMP	MEXICAN PESO/US $ (NEW)
@KOL	EURO/NORWEGIAN KRONE (NEW)
@KOT	EURO/NORWEGIAN KRONE TAS
@KQ	CDD - MINNEAPOLIS
@KR	CDD - HOUSTON
@KRA	EURO/AUSTRALIAN DOLLAR (NEW)
@KRK	EURO/SWEDISH KRONA (NEW)
@KRT	EURO/AUSTRALIAN DOLLAR TAS
@KRU	RUBLE-US DOLLAR
@KRW	KOREAN WON/US DOLLAR
@KRZ	EURO/SWISS FRANC (NEW)
@KS	CDD - SACRAMENTO
@KSN	JAPANESE YEN/US $ (NEW)
@KSV	CANADIAN $/US $ (NEW)
@KTT	EURO/US DOLLAR TAS
@KV	CDD - BALTIMORE
@KX	CDD - KANSAS CITY
@KXD	US $/SWEDISH KRONA
@KY	NORWAY KRONE/YEN
@KYT	SWISS FRANC/JAPANESE YEN TAS
@KZT	EURO/SWISS FRANC TAS
@KZX	NEW ZEALAND $/US $ (NEW)
@KZY	SWISS FRANC/JAPANESE YEN (NEW)
@LA	LOS ANGELES HOME PRICE INDEX
@LB	RANDOM LENGTH LUMBER
@LE	LIVE CATTLE
@LET	LIVE CATTLE TAS
@LV	LAS VEGAS HOME PRICE INDEX
@M6A	E-MICRO AUD/USD
@M6B	E-MICRO GBP/USD
@M6C	E-MICRO USD/CAD
@M6E	E-MICRO EUR/USD
@M6J	E-MICRO USD/JPY
@M6S	E-MICRO USD/CHF
@MAW	MINI MSCI ACWI INDEX
@MCD	E-MICRO CAD/USD
@MCE	MSCI EUROPE INDEX
@MCL	MINI MSCI CANADA INDEX
@MCV	MINI MSCI USA VALUE MINI INDEX
@MCX	MGEX-CBOT WHEAT ICSO SYNTHETIC
@ME	E-MINI EURO FX
@MEU	MINI MSCI EURO INDEX
@MFS	MINI MSCI EAFE INDEX
@MFU	MINI MSCI EAFE NTR INDEX
@MGE	MINI MSCI EUROPE GROWTH INDEX
@MI	MIAMI HOME PRICE INDEX
@MIR	INR/USD E-MICRO
@MJY	E-MICRO JPY/USD
@MKC	MINI KC HRW WHEAT
@MKC	MINI KC HRW WHEAT
@MLE	MINI MSCI EMERGING MARKETS LATIN AMER
@MLP	S&P MLP INDEX
@MME	MINI MSCI EMERGING MARKETS
@MMN	MINI MSCI EMERGING MKTS NTR INDEX
@MMW	MINI MSCI ACWI NTR INDEX
@MNF	E-MINI S&P CNX NIFTY INDEX
@MNH	E-MICRO USD/OFFSHORE RMB
@MNY	E-MICRO USD/RMB WITH USD BANKING
@MP	SMALL BRITISH PD/US $
@MPP	MINI MSCI PAN-EURO INDEX
@MPT	SMALL BRITISH PD/US $ TAS
@MPU	MINI MSCI EUROPE VALUE INDEX
@MRG	MINI MSCI USA GROWTH MINI INDEX
@MSF	E-MICRO CHF/USD
@MUN	MINI MSCI USA INDEX
@MWL	MINI MSCI WORLD INDEX
@N1	10 YEAR USD INTEREST RATE SWAP
@N1E	10 YEAR EUR INTEREST RATE SWAP
@NE	NEW ZEALAND DOLLAR
@NF	NONFAT DRY MILK
@NIY	NIKKEI 225 YEN INDEX
@NJ	NORWEGIAN KRONE/SWEDISH KRONA
@NKD	NIKKEI 225 DOLLAR INDEX
@NOB	10YR NOTE- 30 YR TBOND
@NOK	NORWEGIAN KRONE
@NOL	10YR NOTE- ULTRA T BOND
@NOL	10YR NOTE- ULTRA T BOND
@NQ	E-MINI NASDAQ 100
@NT	US $/NORWEGIAN KRONE
@NY	NY HOME PRICE INDEX
@O	OATS
@OJ	ORANGE JUICE - A
@OJT	ORANGE JUICE - A (TAS)
@PC	STERLING/CANADIAN $
@PJY	BRITISH PD/JAPANSE YEN
@PK	STERLING/NORWAY KRONE
@PLE	POLISH ZLOTY/EURO
@PLN	POLISH ZLOTY/US DOLLAR
@PLZ	POLISH ZLOTY
@PS	STERLING/SWEDISH KRONA
@PSF	BRITISH PD/SWISS FRANC
@PX	MEXICAN PESO
@PY	BRITISH PD/JAPANESE YEN
@PZ	STERLING/SO AFR. RAND
@QA	STERLING/AUSTRALIAN $
@QC	E-MINI COPPER
@QC2	CORN CSO DEC-DEC SYNTHETIC
@QC3	CORN CSO CONSECUTIVE SYNTHETIC
@QC4	SOYBEANS CSO AUG-NOV SYNTHETIC
@QC6	CORN CSO JUL-DEC SYNTHETIC
@QC7	CORN CSO MAR-
@QC8	CORN CSO DEC-JUL SYNTHETIC
@QCC	CORN CSO MAR-DEC SYNTHETIC
@QCN	E-MINI NASDAQ COMPOSITE
@QCW	CORN-WHEAT ICSO SYNTHETIC
@QG	E-MINI NATURAL GAS
@QH	E-MINI NY HARBOR ULSD
@QI	MINY SILVER
@QM	E-MINI CRUDE OIL
@QM2	SOYBEAN MEAL CSO CONSECUTIVE SYNTHETIC
@QM3	SOYBEAN MEAL CSO DEC-JULY SYNTHETIC
@QM5	SOYBEAN MEAL CSO SEP-DEC SYNTHETIC
@QM5	SOYBEAN MEAL CSO SEP-DEC SYNTHETIC
@QM6	SOYBEAN MEAL CSO JUL-DEC SYNTHETIC
@QO	MINY GOLD
@QO2	SOYBEAN OIL CSO CONSECUTIVE SYNTHETIC
@QO3	SOYBEAN OIL CSO DEC-JUL SYNTHETIC
@QO4	SOYBEAN OIL CSO AUG-DEC SYNTHETIC
@QO5	SOYBEAN OIL CSO SEP-DEC SYNTHETIC
@QO6	SOYBEAN OIL CSO JUL-DEC SYNTHETIC
@QS0	SOYBEANS CSO MAR-NOV SYNTHETIC
@QS0	SOYBEANS CSO MAR-NOV SYNTHETIC
@QS1	SOYBEANS CSO
@QS2	SOYBEANS CSO NOV-NOV SYNTHETIC
@QS3	SOYBEANS CSO NOV-MAR SYNTHETIC
@QS5	SOYBEANS CSO JAN-
@QS8	SOYBEANS CSO JAN-MAR SYNTHETIC
@QS9	SOYBEANS CSO NOV-JUL SYNTHETIC
@QU	E-MINI RBOB GASOLINE
@QW2	WHEAT CSO JUL-JUL SYNTHETIC
@QW3	WHEAT CSO CONSECUTIVE SYNTHETIC
@QW6	WHEAT CSO DEC-JUL SYNTHETIC
@QX5	SOYBEANS CSO MAR-JUL SYNTHETIC
@RA	SOUTH AFRICAN RAND
@RB	CHINESE RENMINBI/US DOLLAR
@RE	CHINESE RENMINBI/EURO
@RF	EURO FX/SWISS FRANC
@RFC	MINI RUSSELL 1000 TIC
@RG	RUSSELL 1000 GROWTH MINI
@RG2	RUSSELL 2000 GROWTH
@RGC	RUSSELL 1000 GROWTH TIC
@RGT	RUSSELL 1000 GROWTH (TAS)
@RMF	MINI RUSSELL 1000
@RP	EURO FX/BRITISH POUND
@RR	ROUGH RICE
@RU	RUSSIAN RUBLE
@RV	RUSSELL 1000 VALUE MINI
@RV2	RUSSELL 2000 VALUE
@RVC	RUSSELL 1000 VALUE TIC
@RVT	RUSSELL 1000 VALUE (TAS)
@RVX	CBOE RUSSELL 2000 VOLATILITY INDEX
@RY	EURO FX/JAPANESE YEN
@S	SOYBEANS
@S7C	SOYBEANS CSO
@SB	SUGAR #11 WORLD
@SBT	SUGAR #11 - WORLD (TAS)
@SD	SAN DIEGO HOME PRICE INDEX
@SEK	SWEDISH KRONA
@SF	SWISS FRANC
@SFI	SUGAR #16
@SG	S&P/BARRA GROWTH INDEX
@SIR	INR/USD STANDARD
@SJY	SWISS FRANC/JAPANESE YEN
@SM	SOYBEAN MEAL
@SMC	E-MINI S&P SMALLCAP 600
@SOT	SOYBEANS TAS
@SP	S&P 500 INDEX
@SPO	EURODOLLAR CSO SYNTHETIC
@SQ2	SOYBEANS CSO CONSECUTIVE SYNTHETIC
@SQ5	SOYBEANS CSO JUL-NOV SYNTHETIC
@SU	S&P/BARRA VALUE INDEX
@T1	2 YEAR USD INTEREST RATE SWAP
@T1E	2 YEAR EUR INTEREST RATE SWAP
@TFC	MINI RUSSELL 2000 TIC
@TFS	MINI RUSSELL 2000
@TFT	MINI RUSSELL 2000 (TAS)
@TOB	3 YR NOTE- T BOND
@TOF	3 YR- 5 YR US TREASURY NOTE
@TOU	3 YR NOTE- ULTRA TBOND
@TRE	TURKISH LIRA (EURO)
@TRE	TURKISH LIRA (EURO)
@TRM	TURKISH LIRA/US DOLLAR
@TRY	TURKISH LIRA (USD)
@TU	2 YR US TREASURY NOTE
@TUB	2 YR NOTE- 30 YR T BOND
@TUF	2 YR- 5 YR US TREASURY NOTE
@TUL	2 YR NOTE- ULTRA TBOND
@TUT	2 YR- 10YR US TREASURY NOTE
@TUY	3 YR- 10 YR US TREASURY NOTE
@TY	10 YR US TREASURY NOTE
@TYT	2 YR- 3 YR US TREASURY NOTE
@UB	ULTRA US TREASURY BOND
@US	US TREASURY BOND
@V2C	RUSSELL 2000 VALUE TIC
@V2T	RUSSELL 2000 VALUE TAS
@VA	S&P 500 VARIANCE FUTURES
@VAQ	AUD/USD VARIANCE QUARTERLY
@VAS	AUD/USD VARIANCE SEMI ANNUAL
@VAY	AUD/USD VARIANCE ANNUAL
@VBQ	BRENT CRUDE VARIANCE QUARTERLY
@VBS	BRENT CRUDE VARIANCE SEMI ANNUAL
@VBY	BRENT CRUDE VARIANCE ANNUAL
@VC	US $/CZECH KORUNA
@VEA	EURO/USD VARIANCE ANNUAL
@VEQ	EURO/USD VARIANCE QUARTERLY
@VES	EURO/USD VARIANCE SEMI ANNUAL
@VGA	GOLD VARIANCE ANNUAL
@VGQ	GOLD VARIANCE QUARTERLY
@VGS	GOLD VARIANCE SEMI ANNUAL
@VI	HDD - WASHINGTON REAGAN INTL
@VJQ	JPY/USD VARIANCE QUARTERLY
@VJS	JPY/USD VARIANCE SEMI ANNUAL
@VJY	JPY/USD VARIANCE ANNUAL
@VLA	CRUDE OIL VARIANCE ANNUAL
@VLR	CRUDE OIL VARIANCE QUARTERLY
@VLR	CRUDE OIL VARIANCE QUARTERLY
@VLS	CRUDE OIL VARIANCE SEMI ANNUAL
@VNA	NATURAL GAS VARIANCE ANNUAL
@VNQ	NATURAL GAS VARIANCE QUARTERLY
@VNS	NATURAL GAS VARIANCE SEMI ANNUAL
@VPA	GBP/USD VARIANCE ANNUAL
@VPQ	GBP/USD VARIANCE QUARTERLY
@VPS	GBP/USD VARIANCE SEMI ANNUAL
@VSQ	SILVER VARIANCE QUARTERLY
@VSS	SILVER VARIANCE SEMI ANNUAL
@VSY	SILVER VARIANCE ANNUAL
@VU	US $/HUNGARIAN FORINT
@VX	CBOE VOLATILITY INDEX
@VXE	CBOE EMERGING MARKETS ETF VOLATILITY
@W	WHEAT
@WQ6	WHEAT CSO JUL-DEC SYNTHETIC
@XAB	E-MINI S&P 500 MATERIALS SECTOR
@XAE	E-MINI S&P 500 ENERGY SECTOR
@XAF	E-MINI S&P 500 FINANCIAL SECTOR
@XAI	E-MINI S&P 500 INDUSTRIAL SECTOR
@XAK	E-MINI S&P 500 TECHNOLOGY SECTOR
@XAP	E-MINI S&P 500 CONSUMER STAPLES
@XAU	E-MINI S&P 500 UTILITIES SECTOR
@XAV	E-MINI S&P 500 HEALTH CARE SECTOR
@XAY	E-MINI S&P 500 CONSUMER DISCRETIONARY
@YA	AUSTRALIAN $/JAPANESE YEN
@YC	MINI CORN
@YG	MINI GOLD
@YI	1000 OZ MINI SILVER
@YK	MINI SOYBEAN
@YM	E-MINI DOW JONES $5
@YW	MINI WHEAT
@YW	MINI WHEAT
@YZ	EURO/SO AFR. RAND
@Z3W	WHEAT CSO MAR-JUL SYNTHETIC
@ZAR	USD/SOUTH AFRICAN RAND
@ZCT	CORN TAS
@ZG	GOLD 100 OZ
@ZI	SILVER 5000 OZ
@ZLT	SOYBEAN OIL TAS
@ZMT	SOYBEAN MEAL TAS
@ZR	US $/SOUTH AFRICAN RAND
@ZWC	WHEAT CSO DEC-DEC SYNTHETIC
@ZWT	WHEAT TAS
+SP	S&P 500 INDEX
7FT	EUROPEAN GASOIL TAS
AACM	COAL (API 5) FOB NEWCASTLE
BC	SOYBEAN CRUSH
BH	NY HARBOR ULSD BULLET
BZ	BRENT CRUDE OIL LAST DAY
CLT	CRUDE OIL (TAS)
FEW	EAST/WEST FUEL OIL SPREAD
GCT	GOLD (TAS)
GL	COLUMBIA GULF LOUISIANA BASIS
HGS	COPPER FINANCIAL
HGT	COPPER (TAS)
HH	HENRY HUB FINANCIAL LAST DAY
HOT	NY HARBOR ULSD TAS
HP	HENRY HUB FINANCIAL
IBO	SOYBEAN OIL
ICN	CORN
IS	SOYBEANS
ISM	SOYBEAN MEAL
IW	WHEAT
MB	LOOP GULF COAST SOUR CRUDE OIL
MFB	GC #6 FUEL OIL 3% SULFUR
MNG	HENRY HUB NATURAL GAS LAST DAY
NGT	NATURAL GAS (TAS)
NH	HOUSTON SHIP CHANNEL BASIS
NL	NGPL MIDCONTINENT BASIS
NNQ	HENRY HUB NATURAL GAS FINCL
NR	NW PIPELINE ROCKIES BASIS
NT	TEXAS EASTERN ZONE M-3 INDEX
NW	WAHA BASIS
PD	NGPL TEXOK BASIS
PE	NORTHERN NG DEMARCATION BASIS
PF	VENTURA BASIS
PH	PANHANDLE BASIS
Q23	NY HARBOR ULSD LAST DAY FINANCIAL
Q26	CRUDE OIL LAST DAY FINANCIAL
Q33	1% FUEL OIL RDAM VS 1% FUEL OIL NWE
Q46	PJM METED OFF PEAK CAL DAY AHEAD
Q47	PJM METED PEAK CAL DAY AHEAD
Q55	NYISO ZONE E5 PEAK CAL DAY AHEAD
Q58	NYISO ZONE E OFF PEAK CAL DAY AHEAD
Q5Z	COLUMBIA GULF MAINLINE BASIS
Q6T	IN DEL MONTH EUA
Q6T	IN DEL MONTH EUA
Q6Z	TENN 800 LEG NAT GAS BASIS
Q8A	FLORIDA ZN 2 NAT GAS BASIS
Q8B	TEXAS EASTRN WEST LO NAT GAS BASIS
Q8E	TRANSCO ZN 1 NAT GAS BASIS
Q8X	ONEOK OK NAT GAS BASIS
Q8Z	SOUTHRN STAR TX OK KS NAT GAS BASIS
Q9F	TEXAS GAS ZONE 1 NAT GAS BASIS
QA46	PJM METED OFF PEAK CAL DAY AHEAD
QA47	PJM METED PEAK CAL DAY AHEAD
QA49	PJM PENELEC PEAK CAL DAY AHEAD
QACM	COAL (API 5) FOB NEWCASTLE
QALI	ALUMINUM
QAUP	PLATTS ALUMINUM US TRANSACTION PREM
QB0	MONT BELVIEU LDH PROPANE
QB2	TRANSCO ZONE 4 NATURAL GAS INDEX
QB4	ALGONQUIN CITY-GATES NG BASIS
QB6	PJM NI HUB 5 MW RT (OFF PEAK)
QBB	BRENT CRUDE OIL - PENULTIMATE FINANCIAL
QBEA	EUROPEAN BENZENE CIF ARA TRADE MO
QBH	NY HARBOR ULSD BULLET
QBK	WTI BRENT CALENDAR
QBSA	BENZENE FOB SOUTH KOREA TRADE MO
QBZ	BRENT CRUDE OIL LAST DAY
QBZT	BRENT CRUDE OIL LAST DAY (TAS)
QC4	TRANSCO ZONE 1 NATL GAS INDEX
QCAY	WTI CRUDE OIL CAL SPREAD 1 MO
QCFS	COLUMBIA GAS TCO FIXED PRICE
QCI	CIG ROCKY MTN BASIS
QCJ	COCOA
QCL	CRUDE OIL
QCPL	CER PLUS
QCSX	WTI FINANCIAL FUTURES
QCU	CHICAGO ETHANOL
QCY	BRENT CALENDAR
QCZ	TRANSCO ZONE 3 BASIS
QD2	NYISO ZN G 5 MW DAY AHEAD (OFF PEAK)
QD3	NYISO ZN J 5 MW DAY AHEAD (PEAK)
QD4	NYISO ZN J 5 MW DAY AHEAD (OFF PEAK)
QD7	PJM AEP DAYTON PEAK LMP
QDAC	ENABLE NAT GAS FIXED PRICE
QDBL	MINI DUBAI CRUDE OIL
QDFL	DAP FOB NOLA SWAP
QDFT	DAP FOB TAMPA SWAP
QDGY	NATURAL GAS CAL SPREAD 1 MO
QDSF	DOMINION SOUTH POINT NATURAL GAS FIXED
QE4	PJM WESTERN OFF_PEAK LMP
QEN	EURO NAPHTHA CRACK
QFO	3.5% FUEL OIL BARGES FOB RDAM CRCK SPRD
QFP	FLORIDA GAS ZONE3 BASIS
QGC	GOLD
QGCK	GOLD KILO
QGCU	GC #6 FUEL OIL 3% VS EURO 3.5% FUEL OIL
QGHY	HEATING OIL CAL SPREAD 1 MO
QGL	COLUMBIA GULF LOUISIANA BASIS
QGLI	EUROPEAN LOW SULPHUR GASOIL BULLET
QGY	GC ULSD (PLATTS) CRACK SPREAD
QGZ	EUROPEAN LOW SUL GASOIL CRACK SPREAD
QH2	NEPOOL INTERNAL HUB 5 MW DAY AHEAD(O/P)
QH4	MIDWEST ISO IND 5 MW REAL TIME OFF-PEAK
QH5	MIDWEST ISO IND 5 MW DAY AHEAD (PEAK)
QHB	HENRY HUB BASIS
QHBI	HENRY HUB COMBO
QHG	COPPER
QHH	HENRY HUB FINANCIAL LAST DAY
QHHS	HENRY HUB NATURAL GAS FIXED PRICE
QHO	NEW YORK HARBOR ULSD
QHP	HENRY HUB FINANCIAL
QIH	DOMINION TRANSMISSION APPALACHIA INDEX
QII	ENABLE NATURAL GAS INDEX
QILB	ILLINOIS BASIN COAL
QIN	HENRY HUB INDEX
QIP	HOUSTON SHIP CHANNEL INDEX
QIS	CHICAGO NATURAL GAS INDEX
QIT	TRANSCO ZONE 6 INDEX
QIW	NGPL MID CONTINENT INDEX
QIX	TEXAS EASTERN ZONE M-3 INDEX
QIY	WAHA INDEX
QJ4	PJM WESTERN PEAK LMP
QJA	JAPAN C&F NAPHTHA
QJM	PJM ELECTRICITY (MONTHLY)
QK2	MIDWEST ISO IND 5 MW DAY AHEAD OFF-PEAK
QK3	NYISO ZN A 5 MW DAY AHEAD (PEAK)
QK4	NYISO ZN A 5 MW DAY AHEAD (OFF PEAK)
QKT	COFFEE
QL1	PJM WESTERN HUB PEAK CAL-MO RT LMP
QL2	COLUMBIA GULF MAINLINE NAT GAS IDX
QL3	PJM NO. ILLINOIS OFF-PEAK LMP
QLD	CENTRAL APPALACHIAN COAL (CAPP)
QLLR	LLS (ARGUS) VS BRENT CRUDE
QLPS	LOOP CRUDE OIL STORAGE
QLT	UP DOWN GC ULSD VS NYMEX HO SPREAD
QM7	TRUNKLINE ELA. NATURAL GAS INDEX
QMB	LOOP GULF COAST SOUR CRUDE OIL
QMBC	MINI BRENT FINANCIAL FUTURES
QMDB	MINI DATED BRENT PLATTS FINANCIAL
QME	GC JET VS HEATING OIL SPREAD
QMEW	MINI EAST-WEST FUEL OIL SPREAD
QMFP	MINI 1% FUEL OIL CARGOES CIF NWE
QMFR	MINI 3.5% FUEL OIL BARGES CRACK
QMFS	MICHCON NATURAL GAS FIXED PRICE
QMGC	E-MICRO GOLD
QMM	NY HARBOR RESIDUAL FUEL 1.0%S
QMNG	HENRY HUB NATURAL GAS LAST DAY
QMNS	MINI 1% FUEL OIL CARGOES FOB NWE CRACK
QMPX	NY HARBOR ULSD FINANCIAL
QMSB	MINI SINGAPORE FUEL OIL VS 3.5% FUEL
QN3	PJM NO. ILLINOIS -PEAK LMP
QN4	TEXAS GAS ZONE 1 NATURAL GAS INDEX
QN7	ALGONQUIN CITY-GATES NAT GAS IDX
QN9	PJM WEST OFF_PEAK RT LMP
QNB	CHICAGO BASIS
QND	ANR LOUISANA BASIS
QNE	ANR OKLAHOMA BASIS
QNF	MICHCON BASIS
QNFS	NGPL MID-CON NATURAL GAS FIXED PRICE
QNG	NATURAL GAS
QNH	HOUSTON SHIP CHANNEL BASIS SWAP
QNJ	SAN JUAN BASIS
QNK	SUMAS BASIS
QNL	NGPL MIDCONTINENT BASIS
QNM	TENNESSEE 500 LEG BASIS
QNN	HENRY HUB NATURAL GAS FINCL
QNNE	HENRY HUB NATURAL GAS LAST DAY BTU/MO
QNQ	TENNESSEE ZONE 0 BASIS
QNR	NW PIPELINE ROCKIES BASIS
QNS	SOCAL BASIS
QNU	TRUNKLINE LA BASIS
QNW	WAHA BASIS
QNX	TEXAS EASTERN ZONE M-3 INDEX
QNZ	TRANSCO ZONE 6 BASIS
QPA	PALLADIUM
QPB	PG&E MALIN BASIS
QPC	PG&E CITYGATE BASIS
QPD	NGPL TEXOK BASIS
QPE	NORTHERN NG DEMARCATION BASIS
QPF	VENTURA BASIS
QPFS	PERMIAN NATURAL GAS FIXED PRICE
QPG	DOMINION TRANSMISSION APPALACHIA
QPH	PANHANDLE BASIS
QPJ	PJM ELECTRICITY (MONTHLY)
QPL	PLATINUM
QPM	PERMIAN BASIS
QQFM	ONTARIO OFF-PEAK CALENDAR MONTH
QQH3	MIDWEST ISO IND 5 MW PEAK CAL MONTH
QQOM	ILLINOIS HUB PEAK MONTH
QQP	WESTERN RAIL PRB COAL
QR7	PJM AEP DAYTON OFF_PEAK LMP
QRB	RBOB GASOLINE
QRBB	RBOB GASOLINE VS BRENT CRACK SPREAD
QRJ	REGIONAL GRNHSE GAS INITIATIVE
QRLX	RBOB CALENDAR
QRM	RBOB CRACK SPREAD
QRT	RBOB FINANCIAL
QRV	GULF COAST UNL 87 VS RBOB
QSD	SINGAPORE FUEL OIL SPREAD
QSE	SINGAPORE 380CST FUEL OIL
QSF1	SINGAPORE FUEL OIL 180CST BRENT CRACK
QSF3	SINGAPORE FUEL OIL 380CST BRENT CRACK
QSGW	SOCAL GAS CITY GATE SWAP (PLATTS)
QSI	SILVER
QSIL	SILVER 1000 OZ
QSZ	SONAT BASIS
QT3	NYISO ZN G 5 MW DAY AHEAD (PEAK)
QT5	NGPL STX NATURAL GAS BASIS
QTC	COLUMBIA GAS TCO BASIS
QTE	TETCO EAST LA BASIS
QTIC	IRON ORE 58% TSI
QTR	TRANSCO ZONE4 BASIS
QTT	COTTON
QTX	TETCO S TEXAS BASIS
QTZ6	TRANSCO ZONE 6 NON-NY NAT GAS BASIS
QTZI	TRANSCO ZONE 6 NON-NY NAT GAS INDEX
QUA	EURO SINGAPORE FUEL OIL 180CST CAL
QUFG	UREA FOB EGYPT SWAP
QUFN	UREA FOB US GULF COAST SWAP
QUFU	UAN FOB NOLA SWAPS
QUFZ	UREA FOB YUZHNY SWAP
QUN	EUROPEAN NAPHTHA CAL
QUT	GULF COAST #2 (PLATTS) UP-DN CAL
QUV	EURO 3.5% FUEL OIL ROTTERDAM CL
QUX	URANIUM U308
QV0	SINGAPORE MOGAS 95 UNL PLATTS
QV3	PJM AD HUB 5 MW RT (OFF PEAK)
QV8	MALIN NATURAL GAS INDEX
QVI	VENTURA INDEX
QVR	NY 1% FUEL OIL/ GULF COAST 3% FUEL OIL
QWCE	WESTERN CANADIAN SELECT CRUDE
QWFS	WAHA NATURAL GAS FIXED PRICE
QWS	CRUDE OIL FINANCIAL
QWTA	WTS VS WTI FINANCIAL
QWTI	WTI MIDLAND TRADE MONTH
QWTS	WTS FINANCIAL
QWTT	WTI MIDLAND VS WTI TRADE MONTH
QXH	PANHANDLE NATURAL GAS FIXED PRICE
QXJT	HOUSTON SHIP CHANNEL NATURAL GAS
QXR	ROCKIES NATURAL GAS FIXED PRICE
QXX	SAN JUAN NATURAL GAS FIXED PRICE
QY6	TRANSCO ZONE 3 NATURAL GAS INDEX
QY7	TENNESSEE 500 LEG NATURAL GAS INDEX
QY8	MICHCON NATURAL GAS INDEX
QYO	SUGAR #11
QZ5P	TEXAS EASTERN ZONE M-3 NAT GAS FIXED
QZIY	RBOB CALENDAR SPREAD 1 MO
QZNC	ZINC
RBT	RBOB GASOLINE (TAS)
RT	RBOB FINANCIAL
SIT	SILVER (TAS)
SP	S&P 500 INDEX
TO	COLUMBIA GAS TCO BASIS
WS	CRUDE OIL FINANCIAL
XH	PANHANDLE BASIS SWAP SYNTHETIC
XJ	HOUSTON SHIP CHANNEL
XN	SOCAL PIPE SYNTHETIC FUTURE
XO	CHICAGO PIPE (SYNTHETIC)
XQ	PGE CITYGATE
XR	NORTHERN ROCKIES PIPE SYNTHETIC
XX	SAN JUAN PIPE SYNTHETIC