@JSA,AMEX NET TICK
@JSB,BSE NET TICK
@JSM,CHX NET TICK
@JSN,NYSE NET TICK
@JSP,PSE NET TICK
@JSR,NASDAQ NET TCK-3RD MK
@JSS,NASDAQ TICK-SM CAP
@JST,NASDAQ TICK-NMS STKS
@JSV,CNX NET TICK
@JSX,PHLX NET TICK
@JSZ,NASDAQ NET TICK-COMBO
@SCC,CBOE CALLS
@SPC,CBOE PUTS 
115A,NASDAQ 100 Issues Up
115D,NASDAQ 100 Issues Down
115T,NASDAQ 100 Issues Total
115U,NASDAQ 100 Issues Unchg
A1DOW,DJ AMERICAS STK
ACT,AMEX FT-ACTUARIES EUROPE
ADR,AMEX INTL MARKET
ADSTISNY,ADVANCING ISSUES ON NYSE
ADSTISOT,ADVANCING ISSUES ON OTC
ADSTVONY,ADVANCING VOLUME ON NYSE
ADSTVOOT,ADVANCING VOLUME ON OTC
ADVDECNY,ADVANCE/DECLINE - NYSE
ADVDECOT,ADVANCE/DECLINE - OTC
AEX,AMSTERDAM EOE
AIAT,AMEX Average Price
AIFVG3,DJ-AIG FAIR VALUE INDEX
AIFVJ3,DJ-AIG FAIR VALUE INDEX
AIFVM3,DJ-AIG FAIR VALUE INDEX
AIFVQ3,DJ-AIG FAIR VALUE INDEX
AIMT,NASDAQ NMS Average Price
AINT,NYSE Average Price
AIOT,NASDAQ 3rd Mkt Average Price
AIQT,NASDAQ Comb Average Price 
AIST,NASDAQ Sm Cap Average Price
AKT,VIENNA AKTIEN GLOBAL
ALLGO,JOHANNESBURG GOLD 
ATDOW,DJ AUTSTRIA
ATHEN,ATHENS STOCK EXCHANGE
AVSG,STOCKHOLM AVS GENERAL
BEDOW,DJ BELGIUM
BEL20,BRUXELLES BEL-20
BIX,S&P BANKS SECTOR
BKX,PHLX K B W BANK
BMX,COMPUTER BOXMAKER IDX
BOM,BOMBAY NATIONAL
BRDOW,DJ BRAZIL STOCK
BSEN,BOMBAY SENSITIVE
BSI,BOTNICK STOCK INDEX
BTK,AMEX BIOTECHNOLOGY
BURSA,CARACAS BURSA
BUX,B2B INTERNET HOLDRS
BVSP,SAO PAULO BOVESPA 
BXM,CBOE BUYWRITE MONTHLY IDX 
CAC,PARIS CAC 40
CIY,COMMERCIAL MARKETS IDX
CKG,SMALL CAP 600 BARRA GR IDX
CLDOW,DJ CHILE
CMADDENY,CUMULATIVE A/D NYSE
CMR,MORGAN STANLEY CONSUMER
CND,NASDAQ CANADA INDEX
COMP,DOW JONES 65 COMPOSITE
COMPQ,NASDAQ COMBINED COMP W VOL
COMPX,NASDAQ COMBINED COMP W/O VOL
CRX,MORGAN STANLEY COMMODITY
CTN,C S FIRST BOSTON TECH IDX 
CVK,SMALL CAP 600 BARRA VALUE 
CYC,MORGAN STANLEY CYCLICAL
DAX,FRANKFURT XETRA DAX
DCAA,AMEX Calls $ Vol Up
DCAD,AMEX Calls $ Vol Down
DCAT,AMEX Calls $ Vol Total
DCAU,AMEX Calls $ Vol Unchg
DCCA,CBOE Calls $ Vol Up
DCCD,CBOE Calls $ Vol Down
DCCT,CBOE Calls $ Vol Total
DCCU,CBOE Calls $ Vol Unchg
DCPA,PSE Calls $ Vol Up
DCPD,PSE Calls $ Vol Down
DCPT,PSE Calls $ Vol Total
DCPU,PSE Calls $ Vol Unchg
DCXA,PHLX Calls $ Vol Up
DCXD,PHLX Calls $ Vol Down
DCXT,PHLX Calls $ Vol Total
DCXU,PHLX Calls $ Vol Unchg
DDX,DISK DRIVE INDEX
DEDOW,DJ GERMANY STOCK INDEX
DESTISNY,DECLINING ISSUES ON NYSE
DESTISOT,DECLINING ISSUES ON OTC
DESTVONY,DECLINING VOLUME ON NYSE
DESTVOOT,DECLINING VOLUME ON OTC
DFX,PHILADELPHIA DEFENSE SECT 
DIAA,AMEX Issues $ Vol Up
DIAD,AMEX Issues $ Vol Down
DIAT,AMEX Issues $ Vol Total
DIAU,AMEX Issues $ Vol Unchg
DIKA,NASDAQ Other OTC Issues $ Vol Up
DIKD,NASDAQ Other OTC Issues $ Vol Down
DIKT,NASDAQ Other OTC Issues $ Vol Total
DIKU,NASDAQ Other OTC Issues $ Vol Unchg
DIMA,NASDAQ NMS Issues $ Vol Up
DIMD,NASDAQ NMS Issues $ Vol Down
DIMT,NASDAQ NMS Issues $ Vol Total
DIMU,NASDAQ NMS Issues $ Vol Unchg
DINA,NYSE Issues $ Vol Up
DIND,NYSE Issues $ Vol Down
DINT,NYSE Issues $ Vol Total
DINU,NYSE Issues $ Vol Unchg
DIQA,NASDAQ Comb Issues $ Vol Up
DIQD,NASDAQ Comb Issues $ Vol Down
DIQT,NASDAQ Comb Issues $ Vol Total
DIQU,NASDAQ Comb Issues $ Vol Unchg
DISA,NASDAQ Sm Cap Issues $ Vol Up
DISD,NASDAQ Sm Cap Issues $ Vol Down
DIST,NASDAQ Sm Cap Issues $ Vol Total
DISU,NASDAQ Sm Cap Issues $ Vol Unchg
DJAIG,DJ-AIG COMMODITY INDEX
DJBTC,DJ BIOTECH INDEX
DJCNGT,DJ CANADA TOPCAP GROWTH
DJD,DIAMONDS NET ACCRUED DIV
DJECOM,DJ INTERNET COMMERCE
DJGT,DJ GLOBAL TITANS (DOLLARS)
DJGTE,DJ GLOBAL TITANS 50 (EUROS
DJIE,DJIA INDICATIVE EUREX
DJII,DJIA INDICATIVE US$
DJINET,DJ COMPOSITE INTERNET
DJISVC,DJ INTERNET SERVICE
DJR,DOW JONES REIT INDEX
DJSEM,DJ SEMICONDUCTOR INDEX
DJTATOE,DJ AUTOMOBILES EURO INDEX 
DJTBASE,DJ BASIC RESOURCES EURO
DJTCGSE,DJ CYCLICAL GDS & SRV EURO
DJTCHEE,DJ CHEMICALS EURO INDEX
DJTCNSE,DJ CONSTRUCTION EURO INDEX
DJTENGE,DJ ENGERY EURO INDEX
DJTFOBE,DJ FOOD AND BEVERAGE EURO 
DJTFVSE,DJ FINANCIAL SERVICES EURO
DJTHCAE,DJ HEALTHCARE EURO INDEX
DJTIGSE,DJ INDU GOODS & SRVS EURO 
DJTINNE,DJ INSURANCE EURO INDEX
DJTMDIE,DJ MEDIA EURO INDEX
DJTNCGE,DJ NON-CYC GDS & SRVS EURO
DJTRETE,DJ RETAIL EURO INDEX
DJTSECE,DJ US SECTOR TITANS COMPOSITE
DJTTELE,DJ TELECOMMUNICATIONS EURO
DJTTHEE,DJ TECHNOLOGY EURO INDEX
DJTUTSE,DJ UTILITES EURO INDEX
DJUS,DOW JONES US TOTAL MKT
DJUSAE,DJ US AEROSPACE INDEX
DJUSAF,DJ US AIR FREIGHT INDEX
DJUSAI,DJ US ADVANCE INDU EQUIP
DJUSAL,DJ US ALUMINUM INDEX
DJUSAM,DJ US ADVANCED MED DEV
DJUSAP,DJ US AUTOMOBILE INDEX
DJUSAR,DJ US AIRLINES INDEX
DJUSAT,DJ US AUTO PARTS INDEX
DJUSAU,DJ US AUTOMOBILE MANUFACT 
DJUSAV,DJ US ADVERTISING INDEX
DJUSAX,DJ US AUTO PARTS & TIRES
DJUSBC,DJ US BROADCASTING INDEX
DJUSBD,DJ US BUILDING MATERIALS
DJUSBK,DJ US BANKS INDEX 
DJUSBM,DJ US BASIC MATERIALS
DJUSBS,DJ US BASIC RESOURCES IDX 
DJUSBV,DJ US BEVERAGE INDEX
DJUSBX,DJ US BANKS
DJUSCA,DJ US CASINOS INDEX
DJUSCC,DJ US CHEMICAL COMMODITY
DJUSCE,DJ US CONSUMER ELECTRONI
DJUSCF,DJ US CLOTHING/FABRICS
DJUSCG,DJ US CYC GOODS & SRVCS
DJUSCH,DJ US CHEMICALS INDEX
DJUSCL,DJ US COAL INDEX
DJUSCM,DJ US COSMETICS INDEX
DJUSCN,DJ US CONSTRUCTION INDEX
DJUSCP,DJ US CONTAINERS & PACK
DJUSCR,DJ US COMPUTERS INDEX
DJUSCS,DJ US CONSUMER SERVICES
DJUSCT,DJ US COMMUNICATIONS TEC
DJUSCX,DJ US CHEMICALS SPECIALT
DJUSCY,DJ US CONSUMER CYCLICAL
DJUSDB,DJ US DISTILLERS & BREWE
DJUSDF,DJ US DIVERSIFIED FINANC
DJUSDV,DJ US DVRSFD TECH SERVICES
DJUSEC,DJ US ELECTRIC COMP&EQUI
DJUSEL,DJ US LEISURE GDS & SRVS
DJUSEN,DJ US ENERGY INDEX
DJUSET,DJ US ENTERTAINMENT
DJUSEU,DJ US ELECTRIC UTILITIES
DJUSFB,DJ US FOOD & BEVERAGE
DJUSFC,DJ US FIXED LINE COMMUN
DJUSFD,DJ US FOOD RETAILERS & W
DJUSFE,DJ US FACTORY EQUIPMENT
DJUSFH,DJ US FURNISHINGS & APPLS 
DJUSFI,DJ US FINANCIAL SRVC IDX
DJUSFN,DJ US FINANCIAL INDEX
DJUSFO,DJ US FOOD INDEX
DJUSFP,DJ US FOOD PRODUCTS
DJUSFR,DJ US FOREST PRODUCTS&PA
DJUSFS,DJ US FOREST PRODUCTS
DJUSFT,DJ US FOOTWARE INDEX
DJUSGL,DJ US LARGE CAP GROWTH
DJUSGM,DJ US MID CAP GROWTH
DJUSGR,DJ U.S. GROWTH INDEX
DJUSGS,DJ US SMALL CAP GROWTH IDX
DJUSGU,DJ US GAS UTILITIES
DJUSHB,DJ US HOME CONSTRUCTION
DJUSHC,DJ US HEALTHCARE INDEX
DJUSHD,DJ US HH PRODUCTS DURABL
DJUSHM,DJ US HOME CONS & FURNIS
DJUSHN,DJ US HH PROD NON-DURABL
DJUSHO,DJ US HOUSEHOLD PRODUCTS
DJUSHP,DJ US HEALTHCARE PROVIDE
DJUSHQ,DJ US TECHNOLOGY HW & EQ
DJUSHR,DJ US HEAVY MACHINERY
DJUSHV,DJ US HEAVEY CONSTRUCTIO
DJUSID,DJ US INDUSTRIAL DIVERSI
DJUSIF,DJ US INSURANCE FULL LIN
DJUSIG,DJ US INDU GOODS & SRVCS
DJUSIL,DJ US INSURANCE LIFE
DJUSIN,DJ US INDUSTRIAL INDEX
DJUSIP,DJ US INSURANCE PROP/CAS
DJUSIQ,DJ US INDUSTRIAL EQUIP
DJUSIR,DJ US INSURANCE INDEX
DJUSIS,DJ US GENERAL INDU SRVCS
DJUSIT,DJ US INDUSTRIAL TRANSPO
DJUSIV,DJ US INDUSTRIAL SERVICE
DJUSL,DJ US LARGE-CAP INDEX
DJUSLG,DJ US LODGING INDEX
DJUSLT,DJ US LAND TRANS EQUIP
DJUSLW,DJ US LOW CAP
DJUSM,DJ MID-CAP INDEX
DJUSMD,DJ US MINING INDEX
DJUSME,DJ US MEDIA INDEX 
DJUSMM,DJ US MINING & METALS
DJUSMP,DJ US MEDICAL PRODUCTS
DJUSMS,DJ US MEDICAL SUPPLIES
DJUSMT,DJ US MARINE TRANSPORT
DJUSNC,DJ US CONSUMER NON-CYCLI
DJUSNF,DJ US NON-FERROUS METAL
DJUSNG,DJ US NON-CYC GDS & SRVCS 
DJUSNS,DJ US INTERNET SERVICES
DJUSOE,DJ US OFFICE EQUIPMENT
DJUSOI,DJ US OIL DRILL/EQUIP&SRVS
DJUSOL,DJ US OIL COMPANIES MAJO
DJUSOS,DJ US OIL COMPANIES SECO
DJUSPB,DJ US PUBLISHING INDEX
DJUSPC,DJ US POLLUTION CONTROL
DJUSPL,DJ US PIPELINES INDEX
DJUSPM,DJ US PRECIOUS METALS
DJUSPP,DJ US PAPER PRODUCTS
DJUSPR,DJ US PHARMACEUTICALS
DJUSRA,DJ US RETAILERS APPAREL
DJUSRB,DJ US RETAILERS
DJUSRD,DJ US RETAILERS DRUG-BAS
DJUSRE,DJ US REAL ESTATE INDEX
DJUSRP,DJ US RECREATIONAL PRODS
DJUSRR,DJ US RAILROADS INDEX
DJUSRS,DJ US RETAILERS SPECIALI
DJUSRT,DJ US RETAIL INDEX
DJUSRU,DJ US RESTAURANTS INDEX
DJUSS,DJ US SMALL-CAP INDEX
DJUSSB,DJ US SECURITIES BROKERS
DJUSSD,DJ US SOFT DRINKS INDEX
DJUSSL,DJ US SAVINGS &LOAN ASSC
DJUSSP,DJ US SHIPBUILDING INDEX
DJUSST,DJ US STEEL INDEX 
DJUSSW,DJ US SOFTWARE INDEX
DJUSTA,DJ US TEXTILE & APPAREL
DJUSTC,DJ US TECHNOLOGY INDEX
DJUSTI,DJ US TECHNOLOGY SERVICES 
DJUSTK,DJ US TRUCKING INDEX
DJUSTL,DJ US TELECOMMUNICATIONS
DJUSTP,DJ US TOP CAP
DJUSTR,DJ US TIRES INDEX 
DJUSTS,DJ US TRANSPORTATION SRVCS
DJUSTY,DJ US TOYS INDEX
DJUSUT,DJ US UTILITIES INDEX
DJUSVA,DJ U.S. VALUE INDEX
DJUSVL,DJ US LARGE CAP VALUE
DJUSVM,DJ US MID CAP VALUE
DJUSVS,DJ US SMALL CAP VALUE IDX 
DJUSWC,DJ US WIRELESS COMMUNICA
DJUSWU,DJ US WATER UTILITIES
DJX,CBOE DOW JONES INDU AVER
DKDOW,DJ DENMARK
DNCNVT,DJ CANADA TOPCAP VALUE
DOT,STREET.COM INTERNET IDX
DPAA,AMEX Puts $ Vol Up
DPAD,AMEX Puts $ Vol Down
DPAT,AMEX Puts $ Vol Total
DPAU,AMEX Puts $ Vol Unchg
DPCA,CBOE Puts $ Vol Up
DPCD,CBOE Puts $ Vol Down
DPCT,CBOE Puts $ Vol Total
DPCU,CBOE Puts $ Vol Unchg
DPPA,PSE Puts $ Vol Up 
DPPD,PSE Puts $ Vol Down
DPPT,PSE Puts $ Vol Total
DPPU,PSE Puts $ Vol Unchg
DPXA,PHLX Puts $ Vol Up
DPXD,PHLX Puts $ Vol Down
DPXT,PHLX Puts $ Vol Total
DPXU,PHLX Puts $ Vol Unchg
DRG,AMEX PHARMACEUTICAL
DTX,CBOE DOW JONES TRANS IDX
DUX,CBOE DOW JONES UTIL AVER
DXE,DEUTSCHE BANK ENERGY
DXN,DIAMONDS NET ASSET VALUE
DXV,DIAMONDS INTRADAY VALUE
E1DOW,DJ EUROPE STK
E2DOW,DJ EUR (EXUK)
EFV,MSCI EAFE INDEX
FBY,PORK BELLIES INDEX
FEX,FORTUNE E-50 INDEX
FFX,FORTUNE 500 INDEX 
FIAH,AMEX New Fifty-Two Week Highs
FIAL,AMEX New Fifty-Two Week Lows
FIDOW,DJ FINLAND
FIKH,NASDAQ Others New Fifty-Two Week Highs
FIKL,NASDAQ Others New Fifty-Two Week Lows
FIMH,NASDAQ NMS New Fifty-Two Week Highs
FIML,NASDAQ NMS New Fifty-Two Week Lows
FINH,NYSE New Fifty-Two Week Highs
FINL,NYSE New Fifty-Two Week Lows
FIOH,NASDAQ 3rd Mkt New Fifty-Two Week Highs
FIOL,NASDAQ 3rd Mkt New Fifty-Two Week Lows
FIQH,NASDAQ Comb New Fifty-Two Week Highs
FIQL,NASDAQ Comb New Fifty-Two Week Lows
FISH,NASDAQ Sm Cap New Fifty-Two Week Highs
FISL,NASDAQ Sm Cap New Fifty-Two Week Lows
FIY,LONDON 100 INDEX
FPP,FOREST PAPER PRODUCTS
FRDOW,DJ FRANCE STOCK INDEX
FTII,LONDON 250 INDEX
FVS,5 YEAR TREASURY YIELD SET 
FVX,5 YEAR T-NOTE INTEREST RATE
FXV,FINANCIAL SEL SECTOR
GBDOW,DJ UK STOCK INDEX 
GHA,GOLDMAN SACHS HARDWARE
GIN,GOLDMAN SACHS INTERNET
GIP,GOLDMAN SACHS MULTIM NTW
GIY,GOLDMAN SACHS FUT PRICE
GJY,GOLDMAN SACHS ENERGY
GKY,GOLDMAN SACHS AGRICUL
GLI,MERRILL LYNCH GLOBAL MKT
GNX,GOLDMAN SACHS COMMOD
GOX,CBOE GOLD INDEX
GPY,GOLDMAN SACHS PREC MTLS
GRDOW,DJ GREECE 
GSM,GOLDMAN SACHS SEMICONDTR
GSO,GOLDMAN SACHS SOFTWARE
GSV,GOLDMAN SACHS SERVICES
GTC,GOLDMAN SACHS COMPOSITE
GTY,GOLDMAN SACHS TOT RTN
GVY,GOLDMAN SACHS LIVESTOCK
GYY,GOLDMAN SACHS IND MTLS
HGX,HOUSING INDEX
HHI,MERRILL LYNCH INT HOLDRS
HKDOW,DJ HONG KONG STOCK INDEX
HKHI,HONG KONG HANG SENG
HKO,AMEX HONG KONG
HKX,AMEX HONG KONG 30 
HMO,M S HEALTHCARE PAYORS
HUI,AMEX GOLD B U G S 
HWI,COMPUTER HARDWARE INDEX
IBH,BIOTECH HOLDRS IDX
ICCA,CBOE Calls Issues Advances
ICCD,CBOE Calls Issues Declines
ICCT,CBOE Calls Issues Total
ICCU,CBOE Calls Issues Unchg
ICX,AMEX E-COMMERCE INDEX
IEDOW,DJ IRELAND
IEX,FORTUNE E-50
IGBVL,LIMA GENERAL
IGPA,SANTIAGO IGPA
IHX,LEAN HOG-CME
II6A,S&P 500 Issues Advances
II6D,S&P 500 Issues Declines
II6T,S&P 500 Issues Total
II6U,S&P 500 Issues Unchg
IIAA,AMEX Issues Advances
IIAD,AMEX Issues Declines
IIAT,AMEX Issues Total 
IIAU,AMEX Issues Unchg 
IIMA,NASDAQ NMS Issues Advances
IIMD,NASDAQ NMS Issues Declines
IIMT,NASDAQ NMS Issues Total
IIMU,NASDAQ NMS Issues Unchg
IINA,NYSE Issues Advances
IIND,NYSE Issues Declines
IINT,NYSE Issues Total 
IINU,NYSE Issues Unchg 
IIOA,NASDAQ 3rd Mkt Issues Advances
IIOD,NASDAQ 3rd Mkt Issues Declines
IIOT,NASDAQ 3rd Mkt Issues Total
IIOU,NASDAQ 3rd Mkt Issues Unchg
IIQA,NASDAQ Comb Issues Advances
IIQD,NASDAQ Comb Issues Declines
IIQT,NASDAQ Comb Issues Total
IIQU,NASDAQ Comb Issues Unchg
IISA,NASDAQ Sm Cap Issues Advances
IISD,NASDAQ Sm Cap Issues Declines
IIST,NASDAQ Sm Cap Issues Total
IISU,NASDAQ Sm Cap Issues Unchg
IIX,INTERACTIVE INTERNET
IME,MEXICO BOLSA DE VALORES
IN10,SANTIAGO INTER-10 
INDJO,JOHANNESBURG INDUSTRIAL
INDSX,NASDAQ COMBINED INDU
INDU,DOW JONES 30 INDUSTRIALS
INSRX,NASDAQ COMBINED INSUR
IOVR,IRISH OVERALL,
IPCA,CBOE Puts Issues Advances 
IPCD,CBOE Puts Issues Declines 
IPCT,CBOE Puts Issues Total
IPCU,CBOE Puts Issues Unchg
IPH,PHARMACEUTICAL HLDRS IDX
IPSA,SANTIAGO IPSA,
IRX,CBOE TREAS YLD 13 WK
ITDOW,DJ ITALY
ITH,TELECOM HOLDRS INDEX
IUX,S&P INSURANCE SECTOR,I
IXB,AMEX BASIC INDUSTRIES
IXCO,NASDAQ COMPUTER-COMB
IXE,AMEX ENERGY SELECT INDEX
IXF,NASDAQ OTHER FINANCE
IXI,AMEX INDUSTRIAL SEL IDX
IXM,AMEX FINANCIAL SEL INDEX
IXR,AMEX CONSUMER STAPLES
IXT,AMEX TECHNOLOGY SEL IDX
IXU,AMEX UTILITY SELECT IDX
IXV,AMEX CONSUMER SERVICES
IXX,IPC STOCK 
IY,S&P COMMODITY INDEX
JAK,JAKARTA STOCK EXCHANGE
JOHA,JOHANNESBURG ALL MKT
JPDOW,DJ JAPAN STOCK INDEX
JPN,AMEX JAPAN
JX,S&P/TSX VENTURE COMP IDX
KLSE,KUALA LUMPUR COMPOSITE
KOREA,KOREA COMPOSITE INDEX
KSE,KARACHI 100
KVY,VALUE LINE ARITHMETIC
LSX,LSX LT INDEX
MADGEN,MADRID GENERAL
MADR,MADRID IBEX 35
MANILA,MANILA COMPOSITE
MBH,10 YEAR NOTE MAR 03
MBM,10 YEAR NOTE JUNE 03
MEX,MEXICO IPC,
MFF,MOTLEY FOOL 50 INDEX
MGD,MIDCAP 400 BARRA GROWTH
MGO,M S OIL SERVICES INDEX
MIB30,MIB 30
MIBTEL,MILAN MIBTEL GENERALE
MID,AMEX S&P MIDCAP 400
MLH,L/S TECH TRKRS
MLO,MERRILL LYNCH 100 TECH
MM&T,TSX METALS & MINRLS
MNX,CBOE MINI INDEX
MOX,MS INTERNET INDEX 
MRVBA,BUENOS AIRES MERVAL
MSH,MORGAN STAN HI-TECH 35
MUT,DOW 10 INDEX
MUV,MIDCAP 400 BARRA VALUE IDX
MVB,M S BIOTECH INDEX 
MVR,M S RETAIL INDEX
MXDOW,DJ MEXICO STOCK INDEX
MXV,S&P MIDCAP 400 INTRA VAL
MXY,AMEX MEXICO-EURO OP
NBI,NASDAQ BIOTECH-COMB
NCI,NATIONAL CORN INDEX
NCMP,NASDAQ NATL MKT COMP
ND,NYSE INDUSTRIAL
NDI,IND SM CAP INVESTOR 500
NDX,NASDAQ 100
NF,NYSE FINANCIAL
NFT,MORGAN STAN LONGTERM 50
NHB,NYSE BETA
NHIA,NEW HIGHS - AMERICAN
NHIN,NEW HIGHS - NYSE
NHINMS,NEW HIGHS - NMS
NHIOTC,NEW HIGHS - OTC
NHIT,NEW HIGHS - ALL NASDAQ
NIK,NIKKEI 225
NIND,NASDAQ NATL MKT INDU
NIX,SALOMON T SERIES INTERNET 
NLG,S&P EURO 350 IND FD
NLOA,NEW LOWS - AMERICAN
NLON,NEW LOWS - NYSE
NLONMS,NEW LOWS - NMS
NLOOTC,NEW LOWS - OTC
NLOT,NEW LOWS - ALL NASDAQ
NNA,NYSE UTILITIES
NSI,NATIONAL SOYBEAN INDEX
NV,NYSE TRANSPORTATION
NWX,NETWORKING
NY,U.S. 100 INDEX
NYA,NYSE COMPOSITE
NYI,NYSE INTERNATIONAL 100 INDEX
NYL,NYSE WORLD LEADERS INDEX
NYY,NYSE TMT INDEX,
NYZ,NYSE COMPOSITE - OLD
NZ40,NZSE-40 CAPITAL
OEX,S&P 100
OFINX,NASDAQ FINANCIAL 100
OIX,CBOE OIL INDEX
ONLIB,OVERNIGHT LIBOR RATE
OOC,LMC TRACKER INDEX 
OOI,S & P GLOBAL 100 INDEX
OSLO,OSLO ALL-SHARE INDEX
OSX,PHLX OIL SERVICE SECTOR
OTX,OTC PRIME SECTOR
P1LRG,DJ ASIA/PACIFIC LARGE CAP 
P1MID,DJ ASIA/PACIFIC MID CAP
P1SML,DJ ASIA/PACIFIC SMALL CAP 
PREM,S&P PREMIUM
PSE,PSE TECHNOLOGY
QIV,NASDAQ 100-POSTMARKET
QMI,NASDAQ 100-PREMARKET
QOY,BIFFEX PANAMAX IDX
QQV,QQQ VOLATILITY INDEX
QXV,NASDAQ 100 INTRA VALUE
REIT,D J EQ REIT TOT RTN IDX
RLG,RUSSELL 1000 GROWTH IDX
RLV,RUSSELL 1000 VALUE IDX
RLX,S&P RETAIL SECTOR 
RMS,MORGAN STANLEY REIT
RUA,RUSSELL 3000
RUI,RUSSELL 1000
RUJ,RUSSELL 2000 VALUE INDEX
RUO,RUSSELL 2000 GROWTH INDEX 
RUT,RUSSELL 2000,
RXH,M S HEALTHCARE PROVIDERS
RXP,M S HEALTHCARE PRODUCTS
RXS,PHILADELPHIA DRUG INDEX
S@@FIAHT,AMEX NEW 52 WEEK HIGHS
S@@FIALT,AMEX NEW 52 WEEK LOWS
S@@FIKHT,NASDAQ OTHERS 52 WK HIGHS 
S@@FIKLT,NASDAQ OTHERS 52 WEEK LOWS
S@@FIMHT,NASDAQ NMS 52 WEEK HIGHS
S@@FIMLT,NASDAQ NMS 52 WEEK LOWS
S@@FINHT,NYSE NEW 52 WEEK HIGHS
S@@FINLT,NYSE NEW 52 WEEK LOWS
S@@FIOHT,NASDAQ 3RD MKT 52 WK HIGHS
S@@FIOLT,NASDAQ 3RD MKT 52 WK LOWS 
S@@FIQHT,NASDAQ COMB 52 WEEK HIGHS 
S@@FIQLT,NASDAQ COMB 52 WEEK LOWS
S@@FISHT,NASDQ SM CAP 52 WEEK HIGHS
S@@FISLT,NASDAQ SM CAP 52 WEEK LOWS
S@@ISAA,AMEX ISS ADVANCES 
S@@ISAD,AMEX ISS DECLINES 
S@@ISAT,AMEX ISS TOTAL
S@@ISAU,AMEX ISS UNCHANGED
S@@ISNA,NYSE ISS ADVANCES 
S@@ISND,NYSE ISS DECLINES 
S@@ISNT,NYSE ISS TOTAL,
S@@ISNU,NYSE ISS UNCHANGED
S@@ISZA,NASD ISS ADVANCES 
S@@ISZD,NASD ISS DECLINES 
S@@ISZT,NASD ISS TOTAL
S@@ISZU,NASD ISS UNCHANGED
S@@VSAA,AMEX VOL ADVANCES 
S@@VSAD,AMEX VOL DECLINES 
S@@VSAT,AMEX VOL TOTAL
S@@VSAU,AMEX VOL UNCHANGED
S@@VSNA,NYSE VOL ADVANCES 
S@@VSND,NYSE VOL DECLINES 
S@@VSNT,NYSE VOL TOTAL
S@@VSNU,NYSE VOL UNCHANGED
S@@VSZA,NASD VOL ADVANCES 
S@@VSZD,NASD VOL DECLINES 
S@@VSZT,NASD VOL TOTAL
S@@VSZU,NASD VOL UNCHANGED
S@AMXTRIN,AMEX TRIN
S@DCA,AMEX CALL DOLLAR VOLUME
S@DCC,CBOE CALL DOLLAR VOLUME
S@DCP,PSE CALL DOLLAR VOLUME
S@DCX,PHLX CALL DOLLAR VOLUME
S@DPA,AMEX PUTS DOLLAR VOLUME
S@DPC,CBOE PUTS DOLLAR VOLUME
S@DPP,PSE PUTS DOLLAR VOLUME
S@DPX,PHLX PUTS DOLLAR VOLUME
S@DSA,AMEX DOLLAR VOL ISSUES
S@DSN,NYSE $ VOL ISSUES/IN (000)
S@DSR,NASDAQ 3RD MKT DLR VOL
S@DSS,NASDAQ SM CAP DLR VOL
S@DST,NASDAQ NMS DLR VOL/(000)
S@DSZ,NASDAQ COMB $ V/I (000)
S@ICC,CBOE CALLS ISSUES ADV DECS
S@IIAA,AMEX ISSUES ADVANCES
S@IIAD,AMEX ISSUES DECLINES
S@IIAU,AMEX ISSUES UNCHG 
S@IINA,NYSE ISSUES ADVANCES
S@IIND,NYSE ISSUES DECLINES
S@IINU,NYSE ISSUES UNCHG 
S@IIQA,NASDAQ COMB ISSUE ADVANCES
S@IIQD,NASDAQ COMB ISSUES DECLINE
S@IIQU,NASDAQ COMB ISSUES UNCHG
S@IPC,CBOE PUTS ISSUES ADV DEC
S@ISA,AMEX ISSUES ADV DEC
S@ISR,NASDAQ OTCBB ISSUES
S@ISS,NASDAQ SM CAP ISSUES
S@IST,NASDAQ NMS MKT ISSUES
S@ISX,PHLX ISSUES ADV DEC
S@NASTRIN,NASDAQ TRIN,
S@PCRATIO,PUT CALL RATIO
S@TCA,AMEX CALLS TICKS
S@TCC,CBOE CALL TICKS
S@TCP,PSE CALL TICKS
S@TICK,NYSE TICK 
S@TPA,AMEX PUT TICKS
S@TPC,CBOE PUTS TICKS
S@TPP,PSE PUT TICKS
S@TRIN,NYSE TRIN
S@TSA,AMEX TICK ISSUES
S@TSC,TORONTO STOCKS COMBINED
S@TSN,NYSE ISSUES TICKS 
S@TSR,NASDAQ 3RD MKT TICKS
S@TSS,NASDAQ SM CAP TICKS
S@TST,NASDAQ NMS ISSUES TICKS
S@TSZ,NASDAQ COMB ISSUES TICKS
S@VCA,AMEX CALL VOLUME
S@VCC,CBOE CALL VOLUME
S@VCP,PSE CALL VOLUME
S@VCX,PHLX CALL VOLUME
S@VIAA,AMEX ISSUES VOLUME UP
S@VIAD,AMEX ISSUES VOLUME DOWN
S@VIAU,AMEX ISSUES VOLUME UNCHANG
S@VINA,NYSE ISSUES VOLUME UP
S@VIND,NYSE ISSUES VOLUME DOWN
S@VINU,NYSE ISSUES VOLUME UNCHG
S@VIQA,NASDAQ ISSUES VOLUME UP
S@VIQD,NASDAQ ISSUES VOLUME DOWN 
S@VIQU,NASDAQ ISSUES VOLUME UNCHG
S@VPA,AMEX PUTS VOLUME
S@VPC,CBOE PUTS VOLUME
S@VPP,PSE PUTS VOLUME
S@VPX,PHLX PUTS VOLUME
S@VSA,AMEX ISSUES VOL/IN (000)
S@VSS,NASDAQ SM CAP VOLUME
S@VST,NASDAQ NMS ISSUES VOL
SGX,S&P BARRA GROWTH
SHENB,SHENZEN STOCK-B
SHGA,SHANGHAI A
SHGB,SHANGHAI B
SINI,SINGAPORE ALL SHARES
SML,S&P 600 SMALL CAP 
SOX,PHLX SEMICONDUCT SECTOR
SPT00C&T,S&P/TSX CAPPED COMPOSITE
SPTTCD&T,S&P/TSX CAN CNSMR DISC
SPTTCS&T,S&P/TSX CAN CNSMR STAPLES 
SPTTEN&T,S&P/TSX CANA ENERGY SECTOR
SPTTFS&T,S&P/TSX CANA FINCL SECTOR 
SPTTGD&T,S&P/TSX CANADIAN GOLD IDX 
SPTTHC&T,S&P/TSX CAN HEALTH CARE
SPTTIN&T,S&P/TSX CAN INDUSTRIALS
SPTTMN&T,S&P/TSX CAN MINING INDEX
SPTTMT&T,S&P/TSX CAN MATERIALS
SPTTRE&T,S&P/TSX CAN REAL ESTATE
SPTTTK&T,S&P/TSX CANA INFO TECH SEC
SPTTTS&T,S&P/TSX CAN TELECOM SRVS
SPTTUT&T,S&P/TSX CAN UTILITIES
SPTX6C&T,S&P/TSX 60 CAPPED INDEX
SPX,S&P 500
SSX,TELERATE SHORT TERM SET
STRI,SINGAPORE STRAITS TIMES
SVX,S&P BARRA VALUE
SWI,SWISS MARKET
SXV,S&P DEP RCPTS TRADG VAL
SYDI,SYDNEY ALL ORDINARIES
TAI,TAIWAN WEIGHTED STOCK
TCAA,AMEX Calls Ticks Up
TCAD,AMEX Calls Ticks Down
TCAT,AMEX Calls Ticks Total
TCCA,CBOE Calls Ticks Up
TCCD,CBOE Calls Ticks Down
TCCT,CBOE Calls Ticks Total
TCPA,PSE Calls Ticks Up
TCPD,PSE Calls Ticks Down
TCPT,PSE Calls Ticks Total
TELE,NASDAQ COMBND TELECOMM
THAI,THAILAND SET INDEX
THDOW,DOW JONES THAILAND INDEX
TIAA,AMEX Issues Ticks Up
TIAD,AMEX Issues Ticks Down
TIAT,AMEX Issues Ticks Total
TICK,NYSE TICK 
TICK100,100 TICK
TICKQ,NASDAQ TICK
TIKA,NASDAQ Other OTC Ticks Up 
TIKC,65 COMPOSITE NET TICK
TIKD,NASDAQ Other OTC Ticks Down
TIKI,30 INDUSTRIALS NET TICK
TIKT,20 TRANSPORT NET TICK
TIKU,15 UTILITIES NET TICK
TIMA,NASDAQ NMS Issues Ticks Up
TIMD,NASDAQ NMS Issues Ticks Down
TIMT,NASDAQ NMS Issues Ticks Total
TINA,NYSE Issues Ticks Up
TIND,NYSE Issues Ticks Down
TINT,NYSE Issues Ticks Total
TIQA,NASDAQ Comb Ticks Up
TIQD,NASDAQ Comb Ticks Down
TIQT,NASDAQ Comb Ticks Total
TISA,NASDAQ Sm Cap Issues Ticks Up
TISD,NASDAQ Sm Cap Issues Ticks Down
TIST,NASDAQ Sm Cap Issues Ticks Total
TJUSTB,DJ US TOBACCO INDEX
TLVI,TEL AVIV MISHTANIM 100
TLVJ,TEL AVIV MAOF 25
TNS,10 YEAR TREASURY YIELD SET
TNX,10 YEAR T-NOTE INTEREST RATE
TOB,AMEX TOBACCO INDEX
TOP,AMEX EUROTOP 100
TOPIX1,TOPIX SEC 1
TOSTISNY,TOTAL ISSUES - NYSE
TOSTISOT,TOTAL ISSUES - OTC
TOSTVONY,TOTAL VOLUME - NYSE
TOSTVOOT,TOTAL VOLUME - OTC
TPAA,AMEX Puts Ticks Up
TPAD,AMEX Puts Ticks Down
TPAT,AMEX Puts Ticks Total
TPCA,CBOE Puts Ticks Up
TPCD,CBOE Puts Ticks Down
TPCT,CBOE Puts Ticks Total
TPPA,PSE Puts Ticks Up 
TPPD,PSE Puts Ticks Down
TPPT,PSE Puts Ticks Total
TRAN,DOW JONES 20 TRANSPORT
TRANX,NASDAQ COMBINED TRANS
TRIN,NYSE TRIN 
TRINQ,NASDAQ TRIN
TRN&T,TORONTO TRIN
TSX,S&P/TSX COMPOSITE INDEX
TX20&T,S&P/TSX CAN SM CAP IDX
TX40&T,S&P/TSX CAN MID CAP IDX
TX60&T,S&P/TSX 60 INDEX,
TXV,INDUSTRIAL SEL SECTOR NAV 
TXX,CBOE TECHNOLOGY,
TYS,30 YEAR TREASURY YIELD SET
TYX,30 YEAR TREASURY YIELD INDEX
UK50E,DJ UK TITANS 50 EURO INDEX
UNSTISNY,UNCHANGED ISSUES - NYSE
UNSTISOT,UNCHANGED ISSUES - OTC
UNSTVONY,UNCHANGED VOLUME - NYSE
UNSTVOOT,UNCHANGED VOLUME - OTC
USS,UNKNOWN
UTIL,DOW JONES 15 UTILITIES
UTY,PHLX UTILITY,
UXV,UTILITIES SEL SECTOR NAV
VAY,VALUE LINE ARITHMETIC
VCAA,AMEX Calls Volume Up
VCAD,AMEX Calls Volume Down
VCAT,AMEX Calls Volume Total
VCAU,AMEX Calls Volume Unchg
VCCA,CBOE Calls Volume Up
VCCD,CBOE Calls Volume Down
VCCT,CBOE Calls Volume Total
VCCU,CBOE Calls Volume Unchg
VCPA,PSE Calls Volume Up
VCPD,PSE Calls Volume Down
VCPT,PSE Calls Volume Total
VCPU,PSE Calls Volume Unchg
VCXA,PHLX Calls Volume Up
VCXD,PHLX Calls Volume Down
VCXT,PHLX Calls Volume Total
VCXU,PHLX Calls Volume Unchg
VEDOW,DJ VENEZUELA,
VFX,LEHMAN BROS FINCL IDX
VGY,VALUE LINE GEOMETRICAL
VI5A,NASDAQ 100 Issues Volume Up
VI5D,NASDAQ 100 Issues Volume Down
VI5T,NASDAQ 100 Issues Volume Total
VI5U,NASDAQ 100 Issues Volume Unchg
VI6A,S&P 500 Issues Volume Up
VI6D,S&P 500 Issues Volume Down
VI6T,S&P 500 Issues Volume Total
VI6U,S&P 500 Issues Volume Unchg
VIAA,AMEX Issues Volume Up
VIAD,AMEX Issues Volume Down
VIAT,AMEX Issues Volume Total
VIAU,AMEX Issues Volume Unchg
VIMA,NASDAQ NMS Issues Volume Up
VIMD,NASDAQ NMS Issues Volume Down
VIMT,NASDAQ NMS Issues Volume Total
VIMU,NASDAQ NMS Issues Volume Unchg
VINA,NYSE Issues Volume Up
VIND,NYSE Issues Volume Down
VINT,NYSE Issues Volume Total
VINU,NYSE Issues Volume Unchg
VIQA,NASDAQ Comb Issues Volume Up
VIQD,NASDAQ Comb Issues Volume Down
VIQT,NASDAQ Comb Issues Volume Total
VIQU,NASDAQ Comb Issues Volume Unchg
VISA,NASDAQ Sm Cap Issues Volume Up
VISD,NASDAQ Sm Cap Issues Volume Down
VIST,NASDAQ Sm Cap Issues Volume Total 
VISU,NASDAQ Sm Cap Issues Volume Unchg 
VIX,CBOE VOLATILITY
VPAA,AMEX Puts Volume Up
VPAD,AMEX Puts Volume Down
VPAT,AMEX Puts Volume Total
VPAU,AMEX Puts Volume Unchg
VPCA,CBOE Puts Volume up
VPCD,CBOE Puts Volume Down
VPCT,CBOE Puts Volume Total
VPCU,CBOE Puts Volume Unchg
VPPA,PSE Puts Volume Up
VPPD,PSE Puts Volume Down
VPPT,PSE Puts Volume Total
VPPU,PSE Puts Volume Unchg
VPXA,PHLX Puts Volume Up
VPXD,PHLX Puts Volume Down
VPXT,PHLX Puts Volume Total
VPXU,PHLX Puts Volume Unchg
VXN,QQQ OPTION VOLATILITY IDX
WIL45,WILSHIRE 4500 INDEX
WLX,WILSHIRE 5000,
WWC,I SHARES MSCI-BRAZIL NAV
X0,HDD WEATHER-LAS VEGAS
X1,HDD WEATHER-ATLANTA FEB
X2,HDD WEATHER-CHICAGO FEB
X3,HDD WEATHER-CIN FEB
X4,HDD WEATHER-NEW YORK FEB
X5,HDD WEATHER-DALLAS
X6,HDD WEATHER-PHILADELPHIA
X7,HDD WEATHER-PORTLAND
X8,HDD WEATHER-TUCSON
X9,HDD WEATHER-DES MOINES
XAH,INTERNET ARCHITECT HOLDR
XAL,AMEX AIRLINES
XAU,PHLX GOLD & SILVER
XAX,AMEX COMPOSITE
XBD,AMEX SECS BRKR/DEALER
XCI,AMEX COMPUTER TECH
XEO,EURO S&P 100
XFI,AMEX FINANCIAL
XHL,AMEX HEALTHCARE
XI,MERRILL LYNCH SENSITIVE
XID,AMEX INDUSTRIALS
XII,AMEX INSTITUTIONAL
XIT,AMEX INFORMATION TECH
XLT,AMEX MAJOR MKT LEAPS
XMI,AMEX MAJOR MKT
XNA,AMEX NATURAL RESOURCES
XNG,AMEX NATURAL GAS
XOI,AMEX OIL
XT,MERRILL LYNCH EARLY CYCL
XTC,AMEX NORTH AMER TELECOM
YIH,INTERNET INFRA HOLDRS
YLS,PHLX WIRELESS TELECOM
Z0,CDD WEATHER-LAS VEGAS
Z1,CDD WEATHER-ATLANTA
Z2,CDD WEATHER-CHICAGO
Z3,CDD WEATHER-CINCINNATI
Z4,CDD WEATHER-NEW YORK
Z5,CDD WEATHER-DALLAS
Z6,CDD WEATHER-PHILADELPHIA
Z7,CDD WEATHER-PORTLAND
Z8,CDD WEATHER-TUCSON
Z9,CDD WEATHER-DES MOINES
